<?xml version="1.0" encoding="UTF-8"?><rss version="2.0"
	xmlns:content="http://purl.org/rss/1.0/modules/content/"
	xmlns:wfw="http://wellformedweb.org/CommentAPI/"
	xmlns:dc="http://purl.org/dc/elements/1.1/"
	xmlns:atom="http://www.w3.org/2005/Atom"
	xmlns:sy="http://purl.org/rss/1.0/modules/syndication/"
	xmlns:slash="http://purl.org/rss/1.0/modules/slash/"
	>

<channel>
	<title>Celular &#8211; TechPlus</title>
	<atom:link href="./index.html" rel="self" type="application/rss+xml" />
	<link>./../../../../index.html</link>
	<description>Só mais um site WordPress</description>
	<lastBuildDate>Sun, 16 Oct 2022 21:01:13 +0000</lastBuildDate>
	<language>pt-BR</language>
	<sy:updatePeriod>
	hourly	</sy:updatePeriod>
	<sy:updateFrequency>
	1	</sy:updateFrequency>
	<generator>https://wordpress.org/?v=6.0.3</generator>
	<item>
		<title>Carregador para celular</title>
		<link>./../../../produto/carregador-para-celular/index.html</link>
		
		<dc:creator><![CDATA[KOF]]></dc:creator>
		<pubDate>Sun, 16 Oct 2022 17:51:13 +0000</pubDate>
				<guid isPermaLink="false">./../../../../index.html?post_type=product&#038;p=90</guid>

					<description><![CDATA[]]></description>
										<content:encoded><![CDATA[]]></content:encoded>
					
		
		
			</item>
	</channel>
</rss>
